[
    {
        "title": "X goes to court in Elon Musk's war against an anti-hate research org | TechCrunch",
        "author": "Taylor Hatmaker",
        "category": "Unknown Category"
    },
    {
        "title": "Elon Musk's X faces first DSA probe in EU over illegal content risks, moderation, transparency and deceptive design | TechCrunch",
        "author": "Natasha Lomas",
        "category": "Unknown Category"
    },
    {
        "title": "Elon Musk says X is bringing video to Spaces soon | TechCrunch",
        "author": "Aisha Malik",
        "category": "Unknown Category"
    },
    {
        "title": "Elon's Tesla robot is sort of 'ok' at folding laundry in pre-scripted demo | TechCrunch",
        "author": "Darrell Etherington",
        "category": "Unknown Category"
    },
    {
        "title": "Elon Musk's $56B Tesla pay deal is unfair, judge rules | TechCrunch",
        "author": "Kirsten Korosec",
        "category": "Unknown Category"
    },
    {
        "title": "Elon Musk's X suffered yet another global outage | TechCrunch",
        "author": "Manish Singh",
        "category": "Unknown Category"
    },
    {
        "title": "Tesla Cybertruck delivery event: Everything Elon revealed about the EV pickup | TechCrunch",
        "author": "Kirsten Korosec",
        "category": "Unknown Category"
    },
    {
        "title": "Elon Musk says 'go f*ck yourself' to advertisers leaving X | TechCrunch",
        "author": "Amanda Silberling",
        "category": "Unknown Category"
    },
    {
        "title": "AI plushie Grok, voiced by Grimes, was trademarked before Elon Musk's Grok | TechCrunch",
        "author": "Morgan Sung",
        "category": "Unknown Category"
    },
    {
        "title": "Elon Musk brings Alex Jones and Infowars back on X after user poll | TechCrunch",
        "author": "Ivan Mehta",
        "category": "Unknown Category"
    }
]