<?xml version="1.0" encoding="UTF-8" ?><scraped_data><item><title>Reddit downplays risks of developer backlash, decentralized social media in its IPO filing | TechCrunch</title><author>Sarah Perez</author><category>Unknown Category</category></item><item><title>The Supreme Court could decide the future of content moderation | TechCrunch</title><author>Taylor Hatmaker</author><category>Unknown Category</category></item><item><title>X goes to court in Elon Musk&apos;s war against an anti-hate research org | TechCrunch</title><author>Taylor Hatmaker</author><category>Unknown Category</category></item><item><title>Newsmast brings curated &apos;communities&apos; to the open source Twitter/X alternative Mastodon | TechCrunch</title><author>Sarah Perez</author><category>Unknown Category</category></item><item><title>Ransomware gang&apos;s new extortion trick? Calling the front desk | TechCrunch</title><author>Lorenzo Franceschi-Bicchierai</author><category>Unknown Category</category></item><item><title>Google&apos;s Gemini Pro 1.5 enters public preview on Vertex AI | TechCrunch</title><author>Kyle Wiggers</author><category>Unknown Category</category></item><item><title>Google releases Imagen 2, a video clip generator | TechCrunch</title><author>Kyle Wiggers</author><category>Unknown Category</category></item><item><title>Former Snap AI chief launches Higgsfield to take on OpenAI&apos;s Sora video generator | TechCrunch</title><author>Kyle Wiggers</author><category>Unknown Category</category></item><item><title>Meta&apos;s X competitor Threads invites developers to sign up for API access, publishes docs | TechCrunch</title><author>Sarah Perez</author><category>Unknown Category</category></item><item><title>TikTok&apos;s Instagram competitor likely to be named TikTok Notes | TechCrunch</title><author>Ivan Mehta</author><category>Unknown Category</category></item></scraped_data>