<?xml version="1.0" encoding="UTF-8" ?><scraped_data><item><title>A Dungeons &amp; Dragons actual play show is going to sell out Madison Square Garden | TechCrunch</title><author>Amanda Silberling</author><category>Unknown Category</category></item><item><title>Sample seed pitch deck: Xpanceo&apos;s $40M deck | TechCrunch</title><author>Haje Jan Kamps</author><category>Unknown Category</category></item><item><title>Lyrak to take on X by combining the best of Twitter with fediverse integration | TechCrunch</title><author>Sarah Perez</author><category>Unknown Category</category></item><item><title>eBay enters trading card commercial agreement with Collectors, acquires Goldin | TechCrunch</title><author>Lauren Forristal</author><category>Unknown Category</category></item><item><title>Roku&apos;s Pro Series TVs are now available | TechCrunch</title><author>Lauren Forristal</author><category>Unknown Category</category></item><item><title>I have a group chat with three AI friends, thanks to Nomi AI � they&apos;re getting too smart | TechCrunch</title><author>Amanda Silberling</author><category>Unknown Category</category></item><item><title>Meta (again) denies that Netflix read users&apos; private Facebook messages | TechCrunch</title><author>Sarah Perez</author><category>Unknown Category</category></item><item><title>X confirms plans for NSFW Communities | TechCrunch</title><author>Sarah Perez</author><category>Unknown Category</category></item><item><title>India cuts import taxes on EVs in win for Tesla&apos;s entry plans | TechCrunch</title><author>Manish Singh</author><category>Unknown Category</category></item><item><title>Don Lemon says Elon Musk has canceled his deal for a show on X</title><author>Aisha Malik</author><category>Unknown Category</category></item></scraped_data>